,model_name,training_method,balance,sampling_size,sort_by_time,partition_ratio,seed_size,unlabeled_size,test_size,val_score,accuracy,f1_score,precision,recall,specificity
1,Bernoulli Naive Bayes,random_sampling,True,0,True,"[0.1, 0.45, 0.45]",412,1854,1858,0.65,0.657,0.642,0.67,0.617,0.696
2,Bernoulli Naive Bayes,random_sampling,True,0,True,"[0.5, 0.25, 0.25]",2062,1030,1032,0.753,0.734,0.76,0.693,0.843,0.626
3,Bernoulli Naive Bayes,random_sampling,True,0,True,"[0.9, 0.05, 0.05]",3710,206,208,0.755,0.779,0.805,0.72,0.913,0.644
4,Bernoulli Naive Bayes,random_sampling,True,0,False,"[0.1, 0.45, 0.45]",412,1854,1858,0.638,0.737,0.698,0.818,0.609,0.8640000000000001
5,Bernoulli Naive Bayes,random_sampling,True,0,False,"[0.5, 0.25, 0.25]",2062,1030,1032,0.756,0.805,0.804,0.8110000000000002,0.797,0.8139999999999998
6,Bernoulli Naive Bayes,random_sampling,True,0,False,"[0.9, 0.05, 0.05]",3710,206,208,0.756,0.812,0.806,0.835,0.779,0.8459999999999999
7,Bernoulli Naive Bayes,random_sampling,True,200,True,"[0.1, 0.45, 0.45]",412,1854,1858,0.5612,0.6984,0.7193999999999999,0.673,0.7736000000000001,0.6226
8,Bernoulli Naive Bayes,random_sampling,True,200,True,"[0.5, 0.25, 0.25]",2062,1030,1032,0.7267999999999999,0.742,0.767,0.6994,0.8493999999999999,0.635
9,Bernoulli Naive Bayes,random_sampling,True,200,True,"[0.9, 0.05, 0.05]",3710,206,208,0.7545999999999999,0.768,0.7972,0.7086,0.9112000000000002,0.625
10,Bernoulli Naive Bayes,random_sampling,True,200,False,"[0.1, 0.45, 0.45]",412,1854,1858,0.6671999999999999,0.7632,0.758,0.7762,0.7417999999999999,0.7842
11,Bernoulli Naive Bayes,random_sampling,True,200,False,"[0.5, 0.25, 0.25]",2062,1030,1032,0.7442,0.7964,0.7916000000000001,0.8112,0.7727999999999999,0.8198000000000001
12,Bernoulli Naive Bayes,random_sampling,True,200,False,"[0.9, 0.05, 0.05]",3710,206,208,0.7545999999999999,0.8,0.7952,0.8146000000000001,0.777,0.8231999999999999
13,Bernoulli Naive Bayes,random_sampling,True,400,True,"[0.1, 0.45, 0.45]",412,1854,1858,0.675,0.7145999999999999,0.7348000000000001,0.6866,0.7901999999999999,0.6388
14,Bernoulli Naive Bayes,random_sampling,True,400,True,"[0.5, 0.25, 0.25]",2062,1030,1032,0.7567999999999999,0.7482,0.7714000000000001,0.7066,0.849,0.6476000000000001
15,Bernoulli Naive Bayes,random_sampling,True,400,True,"[0.9, 0.05, 0.05]",3710,206,208,0.7786000000000001,0.7525999999999999,0.786,0.6932,0.9076000000000001,0.5980000000000001
16,Bernoulli Naive Bayes,random_sampling,True,400,False,"[0.1, 0.45, 0.45]",412,1854,1858,0.6724,0.7670000000000001,0.7542,0.7982000000000001,0.7153999999999999,0.8187999999999999
17,Bernoulli Naive Bayes,random_sampling,True,400,False,"[0.5, 0.25, 0.25]",2062,1030,1032,0.7882,0.7986,0.797,0.8029999999999999,0.7916000000000001,0.8056000000000001
18,Bernoulli Naive Bayes,random_sampling,True,400,False,"[0.9, 0.05, 0.05]",3710,206,208,0.7644,0.8240000000000001,0.8196,0.8416,0.798,0.85
19,Bernoulli Naive Bayes,random_sampling,True,600,True,"[0.1, 0.45, 0.45]",412,1854,1858,0.6532,0.7176,0.747,0.6766000000000001,0.834,0.601
20,Bernoulli Naive Bayes,random_sampling,True,600,True,"[0.5, 0.25, 0.25]",2062,1030,1032,0.7896000000000001,0.7344,0.7596,0.6940000000000001,0.8398,0.6292000000000001
21,Bernoulli Naive Bayes,random_sampling,True,600,True,"[0.9, 0.05, 0.05]",3710,206,208,0.7826000000000001,0.7587999999999999,0.7906000000000001,0.698,0.9114000000000001,0.6055999999999999
22,Bernoulli Naive Bayes,random_sampling,True,600,False,"[0.1, 0.45, 0.45]",412,1854,1858,0.7110000000000001,0.778,0.7726,0.792,0.7546,0.8014000000000001
23,Bernoulli Naive Bayes,random_sampling,True,600,False,"[0.5, 0.25, 0.25]",2062,1030,1032,0.7662,0.7996000000000001,0.7978,0.806,0.7902,0.8096
24,Bernoulli Naive Bayes,random_sampling,True,600,False,"[0.9, 0.05, 0.05]",3710,206,208,0.777,0.8066000000000001,0.8012,0.8248,0.7786,0.8347999999999999
25,Bernoulli Naive Bayes,random_sampling,False,0,True,"[0.1, 0.45, 0.45]",1014,4565,4568,0.788,0.798,0.8870000000000001,0.798,0.998,0.013000000000000001
26,Bernoulli Naive Bayes,random_sampling,False,0,True,"[0.5, 0.25, 0.25]",5073,2536,2538,0.796,0.835,0.905,0.836,0.9869999999999999,0.24
27,Bernoulli Naive Bayes,random_sampling,False,0,True,"[0.9, 0.05, 0.05]",9131,507,509,0.8149999999999998,0.835,0.9040000000000001,0.8390000000000001,0.9800000000000001,0.269
28,Bernoulli Naive Bayes,random_sampling,False,0,False,"[0.1, 0.45, 0.45]",1014,4565,4568,0.788,0.799,0.8880000000000001,0.799,0.999,0.017
29,Bernoulli Naive Bayes,random_sampling,False,0,False,"[0.5, 0.25, 0.25]",5073,2536,2538,0.796,0.837,0.9040000000000001,0.851,0.9640000000000001,0.337
30,Bernoulli Naive Bayes,random_sampling,False,0,False,"[0.9, 0.05, 0.05]",9131,507,509,0.808,0.841,0.9030000000000001,0.873,0.9360000000000002,0.471
31,Bernoulli Naive Bayes,random_sampling,False,200,True,"[0.1, 0.45, 0.45]",1014,4565,4568,0.819,0.8009999999999999,0.8888,0.8012,0.9982000000000001,0.028999999999999998
32,Bernoulli Naive Bayes,random_sampling,False,200,True,"[0.5, 0.25, 0.25]",5073,2536,2538,0.7926,0.8337999999999999,0.9044000000000001,0.8358000000000001,0.985,0.2404
33,Bernoulli Naive Bayes,random_sampling,False,200,True,"[0.9, 0.05, 0.05]",9131,507,509,0.8042000000000001,0.8358000000000001,0.9044000000000001,0.8399999999999999,0.9800000000000001,0.2732
34,Bernoulli Naive Bayes,random_sampling,False,200,False,"[0.1, 0.45, 0.45]",1014,4565,4568,0.819,0.8028000000000001,0.8896,0.8030000000000002,0.9976,0.041
35,Bernoulli Naive Bayes,random_sampling,False,200,False,"[0.5, 0.25, 0.25]",5073,2536,2538,0.7856,0.8318,0.9011999999999999,0.8465999999999999,0.9632,0.3164
36,Bernoulli Naive Bayes,random_sampling,False,200,False,"[0.9, 0.05, 0.05]",9131,507,509,0.807,0.8457999999999999,0.9064,0.8764,0.9385999999999999,0.48279999999999995
37,Bernoulli Naive Bayes,random_sampling,False,400,True,"[0.1, 0.45, 0.45]",1014,4565,4568,0.7928000000000001,0.8016,0.8894,0.8016,0.9986,0.031
38,Bernoulli Naive Bayes,random_sampling,False,400,True,"[0.5, 0.25, 0.25]",5073,2536,2538,0.7998000000000001,0.8355999999999998,0.9052000000000001,0.8371999999999999,0.9852000000000001,0.2492
39,Bernoulli Naive Bayes,random_sampling,False,400,True,"[0.9, 0.05, 0.05]",9131,507,509,0.8155999999999999,0.837,0.906,0.8398,0.983,0.2692
40,Bernoulli Naive Bayes,random_sampling,False,400,False,"[0.1, 0.45, 0.45]",1014,4565,4568,0.7928000000000001,0.8056000000000001,0.891,0.8052000000000001,0.9974000000000001,0.0558
41,Bernoulli Naive Bayes,random_sampling,False,400,False,"[0.5, 0.25, 0.25]",5073,2536,2538,0.8004000000000001,0.8373999999999999,0.9040000000000001,0.8524,0.9621999999999999,0.347
42,Bernoulli Naive Bayes,random_sampling,False,400,False,"[0.9, 0.05, 0.05]",9131,507,509,0.8122,0.845,0.9056000000000001,0.8778,0.9348000000000001,0.49420000000000003
43,Bernoulli Naive Bayes,random_sampling,False,600,True,"[0.1, 0.45, 0.45]",1014,4565,4568,0.8200000000000001,0.8051999999999999,0.8907999999999999,0.8048,0.9974000000000001,0.0522
44,Bernoulli Naive Bayes,random_sampling,False,600,True,"[0.5, 0.25, 0.25]",5073,2536,2538,0.798,0.8337999999999999,0.9044000000000001,0.8353999999999999,0.9862,0.23739999999999997
45,Bernoulli Naive Bayes,random_sampling,False,600,True,"[0.9, 0.05, 0.05]",9131,507,509,0.8108000000000001,0.8385999999999999,0.9068000000000002,0.8402,0.9837999999999999,0.2732
46,Bernoulli Naive Bayes,random_sampling,False,600,False,"[0.1, 0.45, 0.45]",1014,4565,4568,0.8200000000000001,0.8088000000000001,0.8922000000000001,0.8096000000000002,0.9940000000000001,0.084
47,Bernoulli Naive Bayes,random_sampling,False,600,False,"[0.5, 0.25, 0.25]",5073,2536,2538,0.7996000000000001,0.833,0.9014,0.85,0.9596,0.3358
48,Bernoulli Naive Bayes,random_sampling,False,600,False,"[0.9, 0.05, 0.05]",9131,507,509,0.8009999999999999,0.8357999999999999,0.9002000000000001,0.8712,0.9311999999999999,0.4636
49,Bernoulli Naive Bayes,active_learning,True,0,True,"[0.1, 0.45, 0.45]",412,1854,1858,0.65,0.657,0.642,0.67,0.617,0.696
50,Bernoulli Naive Bayes,active_learning,True,0,True,"[0.5, 0.25, 0.25]",2062,1030,1032,0.753,0.734,0.76,0.693,0.843,0.626
51,Bernoulli Naive Bayes,active_learning,True,0,True,"[0.9, 0.05, 0.05]",3710,206,208,0.755,0.779,0.805,0.72,0.913,0.644
52,Bernoulli Naive Bayes,active_learning,True,0,False,"[0.1, 0.45, 0.45]",412,1854,1858,0.638,0.737,0.698,0.818,0.609,0.8640000000000001
53,Bernoulli Naive Bayes,active_learning,True,0,False,"[0.5, 0.25, 0.25]",2062,1030,1032,0.756,0.805,0.804,0.8110000000000002,0.797,0.8139999999999998
54,Bernoulli Naive Bayes,active_learning,True,0,False,"[0.9, 0.05, 0.05]",3710,206,208,0.756,0.812,0.806,0.835,0.779,0.8459999999999999
55,Bernoulli Naive Bayes,active_learning,True,200,True,"[0.1, 0.45, 0.45]",412,1854,1858,0.586,0.714,0.729,0.693,0.769,0.659
56,Bernoulli Naive Bayes,active_learning,True,200,True,"[0.5, 0.25, 0.25]",2062,1030,1032,0.704,0.757,0.776,0.72,0.841,0.672
57,Bernoulli Naive Bayes,active_learning,True,200,True,"[0.9, 0.05, 0.05]",3710,206,208,0.758,0.764,0.793,0.707,0.9040000000000001,0.625
58,Bernoulli Naive Bayes,active_learning,True,200,False,"[0.1, 0.45, 0.45]",412,1854,1858,0.626,0.714,0.734,0.685,0.79,0.637
59,Bernoulli Naive Bayes,active_learning,True,200,False,"[0.5, 0.25, 0.25]",2062,1030,1032,0.717,0.796,0.792,0.806,0.779,0.812
60,Bernoulli Naive Bayes,active_learning,True,200,False,"[0.9, 0.05, 0.05]",3710,206,208,0.744,0.798,0.794,0.8100000000000002,0.779,0.817
61,Bernoulli Naive Bayes,active_learning,True,400,True,"[0.1, 0.45, 0.45]",412,1854,1858,0.509,0.698,0.739,0.65,0.8550000000000001,0.54
62,Bernoulli Naive Bayes,active_learning,True,400,True,"[0.5, 0.25, 0.25]",2062,1030,1032,0.718,0.748,0.768,0.712,0.833,0.663
63,Bernoulli Naive Bayes,active_learning,True,400,True,"[0.9, 0.05, 0.05]",3710,206,208,0.782,0.755,0.792,0.688,0.933,0.577
64,Bernoulli Naive Bayes,active_learning,True,400,False,"[0.1, 0.45, 0.45]",412,1854,1858,0.582,0.755,0.758,0.747,0.77,0.74
65,Bernoulli Naive Bayes,active_learning,True,400,False,"[0.5, 0.25, 0.25]",2062,1030,1032,0.754,0.8009999999999999,0.799,0.8089999999999999,0.789,0.8139999999999998
66,Bernoulli Naive Bayes,active_learning,True,400,False,"[0.9, 0.05, 0.05]",3710,206,208,0.755,0.8320000000000001,0.829,0.842,0.817,0.8459999999999999
67,Bernoulli Naive Bayes,active_learning,True,600,True,"[0.1, 0.45, 0.45]",412,1854,1858,0.68,0.695,0.737,0.648,0.8560000000000001,0.535
68,Bernoulli Naive Bayes,active_learning,True,600,True,"[0.5, 0.25, 0.25]",2062,1030,1032,0.743,0.739,0.757,0.709,0.812,0.667
69,Bernoulli Naive Bayes,active_learning,True,600,True,"[0.9, 0.05, 0.05]",3710,206,208,0.782,0.755,0.792,0.688,0.933,0.577
70,Bernoulli Naive Bayes,active_learning,True,600,False,"[0.1, 0.45, 0.45]",412,1854,1858,0.591,0.761,0.773,0.737,0.813,0.709
71,Bernoulli Naive Bayes,active_learning,True,600,False,"[0.5, 0.25, 0.25]",2062,1030,1032,0.73,0.798,0.793,0.8160000000000001,0.771,0.826
72,Bernoulli Naive Bayes,active_learning,True,600,False,"[0.9, 0.05, 0.05]",3710,206,208,0.755,0.8320000000000001,0.829,0.842,0.817,0.8459999999999999
73,Bernoulli Naive Bayes,active_learning,False,0,True,"[0.1, 0.45, 0.45]",1014,4565,4568,0.788,0.798,0.8870000000000001,0.798,0.998,0.013000000000000001
74,Bernoulli Naive Bayes,active_learning,False,0,True,"[0.5, 0.25, 0.25]",5073,2536,2538,0.796,0.835,0.905,0.836,0.9869999999999999,0.24
75,Bernoulli Naive Bayes,active_learning,False,0,True,"[0.9, 0.05, 0.05]",9131,507,509,0.8149999999999998,0.835,0.9040000000000001,0.8390000000000001,0.9800000000000001,0.269
76,Bernoulli Naive Bayes,active_learning,False,0,False,"[0.1, 0.45, 0.45]",1014,4565,4568,0.788,0.799,0.8880000000000001,0.799,0.999,0.017
77,Bernoulli Naive Bayes,active_learning,False,0,False,"[0.5, 0.25, 0.25]",5073,2536,2538,0.796,0.837,0.9040000000000001,0.851,0.9640000000000001,0.337
78,Bernoulli Naive Bayes,active_learning,False,0,False,"[0.9, 0.05, 0.05]",9131,507,509,0.808,0.841,0.9030000000000001,0.873,0.9360000000000002,0.471
79,Bernoulli Naive Bayes,active_learning,False,200,True,"[0.1, 0.45, 0.45]",1014,4565,4568,0.782,0.808,0.892,0.807,0.9970000000000001,0.065
80,Bernoulli Naive Bayes,active_learning,False,200,True,"[0.5, 0.25, 0.25]",5073,2536,2538,0.771,0.835,0.9040000000000001,0.8400000000000001,0.9800000000000001,0.267
81,Bernoulli Naive Bayes,active_learning,False,200,True,"[0.9, 0.05, 0.05]",9131,507,509,0.799,0.8390000000000001,0.906,0.843,0.9800000000000001,0.288
82,Bernoulli Naive Bayes,active_learning,False,200,False,"[0.1, 0.45, 0.45]",1014,4565,4568,0.745,0.812,0.8939999999999999,0.813,0.992,0.10700000000000001
83,Bernoulli Naive Bayes,active_learning,False,200,False,"[0.5, 0.25, 0.25]",5073,2536,2538,0.772,0.8320000000000001,0.901,0.853,0.954,0.355
84,Bernoulli Naive Bayes,active_learning,False,200,False,"[0.9, 0.05, 0.05]",9131,507,509,0.8,0.849,0.908,0.8779999999999999,0.9410000000000001,0.49000000000000005
85,Bernoulli Naive Bayes,active_learning,False,400,True,"[0.1, 0.45, 0.45]",1014,4565,4568,0.763,0.808,0.892,0.806,0.999,0.05700000000000001
86,Bernoulli Naive Bayes,active_learning,False,400,True,"[0.5, 0.25, 0.25]",5073,2536,2538,0.778,0.8390000000000001,0.907,0.8400000000000001,0.985,0.267
87,Bernoulli Naive Bayes,active_learning,False,400,True,"[0.9, 0.05, 0.05]",9131,507,509,0.818,0.837,0.906,0.8400000000000001,0.983,0.269
88,Bernoulli Naive Bayes,active_learning,False,400,False,"[0.1, 0.45, 0.45]",1014,4565,4568,0.71,0.8219999999999998,0.898,0.8230000000000001,0.9879999999999999,0.17
89,Bernoulli Naive Bayes,active_learning,False,400,False,"[0.5, 0.25, 0.25]",5073,2536,2538,0.781,0.843,0.907,0.8629999999999999,0.9549999999999998,0.4050000000000001
90,Bernoulli Naive Bayes,active_learning,False,400,False,"[0.9, 0.05, 0.05]",9131,507,509,0.8139999999999998,0.843,0.9040000000000001,0.877,0.933,0.49000000000000005
91,Bernoulli Naive Bayes,active_learning,False,600,True,"[0.1, 0.45, 0.45]",1014,4565,4568,0.774,0.8110000000000002,0.8939999999999999,0.8089999999999999,0.998,0.079
92,Bernoulli Naive Bayes,active_learning,False,600,True,"[0.5, 0.25, 0.25]",5073,2536,2538,0.775,0.8390000000000001,0.907,0.842,0.982,0.279
93,Bernoulli Naive Bayes,active_learning,False,600,True,"[0.9, 0.05, 0.05]",9131,507,509,0.8219999999999998,0.843,0.909,0.845,0.983,0.298
94,Bernoulli Naive Bayes,active_learning,False,600,False,"[0.1, 0.45, 0.45]",1014,4565,4568,0.715,0.8299999999999998,0.9019999999999999,0.837,0.977,0.255
95,Bernoulli Naive Bayes,active_learning,False,600,False,"[0.5, 0.25, 0.25]",5073,2536,2538,0.765,0.841,0.905,0.8629999999999999,0.951,0.4109999999999999
96,Bernoulli Naive Bayes,active_learning,False,600,False,"[0.9, 0.05, 0.05]",9131,507,509,0.817,0.8390000000000001,0.9019999999999999,0.875,0.931,0.481
97,Random Forest Classifier,random_sampling,True,0,True,"[0.1, 0.45, 0.45]",412,1854,1858,0.49399999999999994,0.602,0.591,0.608,0.575,0.629
98,Random Forest Classifier,random_sampling,True,0,True,"[0.5, 0.25, 0.25]",2062,1030,1032,0.676,0.726,0.748,0.692,0.8139999999999998,0.638
99,Random Forest Classifier,random_sampling,True,0,True,"[0.9, 0.05, 0.05]",3710,206,208,0.728,0.755,0.781,0.705,0.875,0.635
100,Random Forest Classifier,random_sampling,True,0,False,"[0.1, 0.45, 0.45]",412,1854,1858,0.684,0.704,0.669,0.758,0.6,0.808
101,Random Forest Classifier,random_sampling,True,0,False,"[0.5, 0.25, 0.25]",2062,1030,1032,0.743,0.763,0.757,0.775,0.74,0.785
102,Random Forest Classifier,random_sampling,True,0,False,"[0.9, 0.05, 0.05]",3710,206,208,0.737,0.8320000000000001,0.828,0.8480000000000001,0.808,0.8560000000000001
103,Random Forest Classifier,random_sampling,True,200,True,"[0.1, 0.45, 0.45]",412,1854,1858,0.5401999999999999,0.6836,0.7041999999999999,0.6624000000000001,0.7528,0.6146
104,Random Forest Classifier,random_sampling,True,200,True,"[0.5, 0.25, 0.25]",2062,1030,1032,0.6954,0.7314,0.7594000000000001,0.6872,0.849,0.6135999999999999
105,Random Forest Classifier,random_sampling,True,200,True,"[0.9, 0.05, 0.05]",3710,206,208,0.7192000000000001,0.7336,0.7724,0.6744,0.9038,0.5635999999999999
106,Random Forest Classifier,random_sampling,True,200,False,"[0.1, 0.45, 0.45]",412,1854,1858,0.6554,0.7302,0.712,0.7636000000000001,0.667,0.7934
107,Random Forest Classifier,random_sampling,True,200,False,"[0.5, 0.25, 0.25]",2062,1030,1032,0.7274,0.772,0.7642,0.7914000000000001,0.739,0.8051999999999999
108,Random Forest Classifier,random_sampling,True,200,False,"[0.9, 0.05, 0.05]",3710,206,208,0.7325999999999999,0.8104000000000001,0.8064,0.8251999999999999,0.7884,0.8328
109,Random Forest Classifier,random_sampling,True,400,True,"[0.1, 0.45, 0.45]",412,1854,1858,0.6306,0.697,0.7049999999999998,0.6864,0.7250000000000001,0.6686
110,Random Forest Classifier,random_sampling,True,400,True,"[0.5, 0.25, 0.25]",2062,1030,1032,0.7116,0.7323999999999999,0.7594000000000001,0.6904,0.8446,0.6202
111,Random Forest Classifier,random_sampling,True,400,True,"[0.9, 0.05, 0.05]",3710,206,208,0.7404,0.7404,0.782,0.6738000000000001,0.9326000000000001,0.5482000000000001
112,Random Forest Classifier,random_sampling,True,400,False,"[0.1, 0.45, 0.45]",412,1854,1858,0.6432,0.738,0.719,0.775,0.6712,0.8049999999999999
113,Random Forest Classifier,random_sampling,True,400,False,"[0.5, 0.25, 0.25]",2062,1030,1032,0.7454000000000001,0.7722,0.7676000000000001,0.7836000000000001,0.7524000000000001,0.7922
114,Random Forest Classifier,random_sampling,True,400,False,"[0.9, 0.05, 0.05]",3710,206,208,0.7248,0.8096,0.8048,0.8262,0.7846,0.8347999999999999
115,Random Forest Classifier,random_sampling,True,600,True,"[0.1, 0.45, 0.45]",412,1854,1858,0.6446,0.703,0.721,0.6802,0.7682,0.6376
116,Random Forest Classifier,random_sampling,True,600,True,"[0.5, 0.25, 0.25]",2062,1030,1032,0.7474000000000001,0.7368,0.7626000000000002,0.6952,0.8443999999999999,0.6294000000000001
117,Random Forest Classifier,random_sampling,True,600,True,"[0.9, 0.05, 0.05]",3710,206,208,0.7714000000000001,0.7518,0.7904,0.6846,0.9346,0.5692
118,Random Forest Classifier,random_sampling,True,600,False,"[0.1, 0.45, 0.45]",412,1854,1858,0.6754,0.7448,0.7358,0.7622,0.7114,0.7776
119,Random Forest Classifier,random_sampling,True,600,False,"[0.5, 0.25, 0.25]",2062,1030,1032,0.7375999999999999,0.7692,0.7638,0.7828,0.7455999999999999,0.7932
120,Random Forest Classifier,random_sampling,True,600,False,"[0.9, 0.05, 0.05]",3710,206,208,0.7708,0.8124,0.8098000000000001,0.8220000000000001,0.798,0.8267999999999999
121,Random Forest Classifier,random_sampling,False,0,True,"[0.1, 0.45, 0.45]",1014,4565,4568,0.788,0.8009999999999999,0.889,0.8019999999999999,0.998,0.032
122,Random Forest Classifier,random_sampling,False,0,True,"[0.5, 0.25, 0.25]",5073,2536,2538,0.821,0.82,0.898,0.82,0.993,0.143
123,Random Forest Classifier,random_sampling,False,0,True,"[0.9, 0.05, 0.05]",9131,507,509,0.8240000000000001,0.825,0.9,0.8240000000000001,0.993,0.173
124,Random Forest Classifier,random_sampling,False,0,False,"[0.1, 0.45, 0.45]",1014,4565,4568,0.793,0.813,0.8949999999999999,0.812,0.9949999999999999,0.1
125,Random Forest Classifier,random_sampling,False,0,False,"[0.5, 0.25, 0.25]",5073,2536,2538,0.8030000000000002,0.836,0.905,0.8390000000000001,0.983,0.262
126,Random Forest Classifier,random_sampling,False,0,False,"[0.9, 0.05, 0.05]",9131,507,509,0.817,0.861,0.9179999999999999,0.858,0.9879999999999999,0.365
127,Random Forest Classifier,random_sampling,False,200,True,"[0.1, 0.45, 0.45]",1014,4565,4568,0.819,0.8046000000000001,0.8902000000000001,0.806,0.9938,0.0638
128,Random Forest Classifier,random_sampling,False,200,True,"[0.5, 0.25, 0.25]",5073,2536,2538,0.8051999999999999,0.82,0.8977999999999999,0.8187999999999999,0.9941999999999999,0.1386
129,Random Forest Classifier,random_sampling,False,200,True,"[0.9, 0.05, 0.05]",9131,507,509,0.8154,0.8297999999999999,0.9026,0.8273999999999999,0.9934,0.19419999999999998
130,Random Forest Classifier,random_sampling,False,200,False,"[0.1, 0.45, 0.45]",1014,4565,4568,0.819,0.8135999999999999,0.8946,0.8145999999999999,0.992,0.11479999999999999
131,Random Forest Classifier,random_sampling,False,200,False,"[0.5, 0.25, 0.25]",5073,2536,2538,0.7948000000000001,0.8385999999999999,0.907,0.8394,0.9862,0.2604
132,Random Forest Classifier,random_sampling,False,200,False,"[0.9, 0.05, 0.05]",9131,507,509,0.8198000000000001,0.8501999999999998,0.913,0.8465999999999999,0.9905999999999999,0.302
133,Random Forest Classifier,random_sampling,False,400,True,"[0.1, 0.45, 0.45]",1014,4565,4568,0.7950000000000002,0.8026000000000002,0.8896000000000001,0.804,0.9950000000000001,0.04939999999999999
134,Random Forest Classifier,random_sampling,False,400,True,"[0.5, 0.25, 0.25]",5073,2536,2538,0.808,0.8219999999999998,0.899,0.8198000000000001,0.9950000000000001,0.1436
135,Random Forest Classifier,random_sampling,False,400,True,"[0.9, 0.05, 0.05]",9131,507,509,0.8171999999999999,0.8329999999999999,0.9039999999999999,0.8318,0.9908000000000001,0.2192
136,Random Forest Classifier,random_sampling,False,400,False,"[0.1, 0.45, 0.45]",1014,4565,4568,0.7956,0.8176,0.8964000000000001,0.8175999999999999,0.9924,0.1318
137,Random Forest Classifier,random_sampling,False,400,False,"[0.5, 0.25, 0.25]",5073,2536,2538,0.8076000000000001,0.8394,0.9074,0.8396000000000001,0.9873999999999998,0.26080000000000003
138,Random Forest Classifier,random_sampling,False,400,False,"[0.9, 0.05, 0.05]",9131,507,509,0.8231999999999999,0.8549999999999999,0.9151999999999999,0.8533999999999999,0.9872,0.3388
139,Random Forest Classifier,random_sampling,False,600,True,"[0.1, 0.45, 0.45]",1014,4565,4568,0.8268000000000001,0.8074,0.8916000000000001,0.8074000000000001,0.9955999999999999,0.0688
140,Random Forest Classifier,random_sampling,False,600,True,"[0.5, 0.25, 0.25]",5073,2536,2538,0.8042,0.8221999999999999,0.8992000000000001,0.8192,0.9974000000000001,0.13720000000000002
141,Random Forest Classifier,random_sampling,False,600,True,"[0.9, 0.05, 0.05]",9131,507,509,0.8160000000000001,0.8326,0.9044000000000001,0.8293999999999999,0.9942,0.20400000000000001
142,Random Forest Classifier,random_sampling,False,600,False,"[0.1, 0.45, 0.45]",1014,4565,4568,0.8200000000000001,0.8187999999999999,0.8972,0.8195999999999998,0.991,0.1458
143,Random Forest Classifier,random_sampling,False,600,False,"[0.5, 0.25, 0.25]",5073,2536,2538,0.8014000000000001,0.8423999999999999,0.9084,0.8441999999999998,0.9836,0.29
144,Random Forest Classifier,random_sampling,False,600,False,"[0.9, 0.05, 0.05]",9131,507,509,0.8132000000000001,0.8564,0.9162000000000001,0.8535999999999999,0.9888,0.3404
145,Random Forest Classifier,active_learning,True,0,True,"[0.1, 0.45, 0.45]",412,1854,1858,0.49399999999999994,0.602,0.591,0.608,0.575,0.629
146,Random Forest Classifier,active_learning,True,0,True,"[0.5, 0.25, 0.25]",2062,1030,1032,0.676,0.726,0.748,0.692,0.8139999999999998,0.638
147,Random Forest Classifier,active_learning,True,0,True,"[0.9, 0.05, 0.05]",3710,206,208,0.728,0.755,0.781,0.705,0.875,0.635
148,Random Forest Classifier,active_learning,True,0,False,"[0.1, 0.45, 0.45]",412,1854,1858,0.684,0.704,0.669,0.758,0.6,0.808
149,Random Forest Classifier,active_learning,True,0,False,"[0.5, 0.25, 0.25]",2062,1030,1032,0.743,0.763,0.757,0.775,0.74,0.785
150,Random Forest Classifier,active_learning,True,0,False,"[0.9, 0.05, 0.05]",3710,206,208,0.737,0.8320000000000001,0.828,0.8480000000000001,0.808,0.8560000000000001
151,Random Forest Classifier,active_learning,True,200,True,"[0.1, 0.45, 0.45]",412,1854,1858,0.554,0.696,0.693,0.7,0.686,0.706
152,Random Forest Classifier,active_learning,True,200,True,"[0.5, 0.25, 0.25]",2062,1030,1032,0.671,0.75,0.767,0.719,0.8219999999999998,0.678
153,Random Forest Classifier,active_learning,True,200,True,"[0.9, 0.05, 0.05]",3710,206,208,0.723,0.74,0.78,0.676,0.923,0.558
154,Random Forest Classifier,active_learning,True,200,False,"[0.1, 0.45, 0.45]",412,1854,1858,0.642,0.735,0.731,0.742,0.72,0.749
155,Random Forest Classifier,active_learning,True,200,False,"[0.5, 0.25, 0.25]",2062,1030,1032,0.704,0.783,0.774,0.807,0.744,0.8219999999999998
156,Random Forest Classifier,active_learning,True,200,False,"[0.9, 0.05, 0.05]",3710,206,208,0.714,0.827,0.825,0.833,0.817,0.837
157,Random Forest Classifier,active_learning,True,400,True,"[0.1, 0.45, 0.45]",412,1854,1858,0.644,0.695,0.718,0.669,0.775,0.616
158,Random Forest Classifier,active_learning,True,400,True,"[0.5, 0.25, 0.25]",2062,1030,1032,0.681,0.738,0.755,0.71,0.806,0.671
159,Random Forest Classifier,active_learning,True,400,True,"[0.9, 0.05, 0.05]",3710,206,208,0.735,0.731,0.778,0.662,0.942,0.519
160,Random Forest Classifier,active_learning,True,400,False,"[0.1, 0.45, 0.45]",412,1854,1858,0.595,0.74,0.737,0.745,0.73,0.75
161,Random Forest Classifier,active_learning,True,400,False,"[0.5, 0.25, 0.25]",2062,1030,1032,0.716,0.77,0.771,0.768,0.775,0.766
162,Random Forest Classifier,active_learning,True,400,False,"[0.9, 0.05, 0.05]",3710,206,208,0.75,0.798,0.798,0.798,0.798,0.798
163,Random Forest Classifier,active_learning,True,600,True,"[0.1, 0.45, 0.45]",412,1854,1858,0.65,0.707,0.731,0.675,0.798,0.617
164,Random Forest Classifier,active_learning,True,600,True,"[0.5, 0.25, 0.25]",2062,1030,1032,0.734,0.743,0.763,0.709,0.826,0.661
165,Random Forest Classifier,active_learning,True,600,True,"[0.9, 0.05, 0.05]",3710,206,208,0.735,0.731,0.778,0.662,0.942,0.519
166,Random Forest Classifier,active_learning,True,600,False,"[0.1, 0.45, 0.45]",412,1854,1858,0.636,0.743,0.747,0.735,0.76,0.727
167,Random Forest Classifier,active_learning,True,600,False,"[0.5, 0.25, 0.25]",2062,1030,1032,0.696,0.778,0.772,0.795,0.75,0.806
168,Random Forest Classifier,active_learning,True,600,False,"[0.9, 0.05, 0.05]",3710,206,208,0.75,0.798,0.798,0.798,0.798,0.798
169,Random Forest Classifier,active_learning,False,0,True,"[0.1, 0.45, 0.45]",1014,4565,4568,0.788,0.8009999999999999,0.889,0.8019999999999999,0.998,0.032
170,Random Forest Classifier,active_learning,False,0,True,"[0.5, 0.25, 0.25]",5073,2536,2538,0.821,0.82,0.898,0.82,0.993,0.143
171,Random Forest Classifier,active_learning,False,0,True,"[0.9, 0.05, 0.05]",9131,507,509,0.8240000000000001,0.825,0.9,0.8240000000000001,0.993,0.173
172,Random Forest Classifier,active_learning,False,0,False,"[0.1, 0.45, 0.45]",1014,4565,4568,0.793,0.813,0.8949999999999999,0.812,0.9949999999999999,0.1
173,Random Forest Classifier,active_learning,False,0,False,"[0.5, 0.25, 0.25]",5073,2536,2538,0.8030000000000002,0.836,0.905,0.8390000000000001,0.983,0.262
174,Random Forest Classifier,active_learning,False,0,False,"[0.9, 0.05, 0.05]",9131,507,509,0.817,0.861,0.9179999999999999,0.858,0.9879999999999999,0.365
175,Random Forest Classifier,active_learning,False,200,True,"[0.1, 0.45, 0.45]",1014,4565,4568,0.77,0.808,0.892,0.807,0.9970000000000001,0.067
176,Random Forest Classifier,active_learning,False,200,True,"[0.5, 0.25, 0.25]",5073,2536,2538,0.784,0.827,0.9019999999999999,0.826,0.992,0.182
177,Random Forest Classifier,active_learning,False,200,True,"[0.9, 0.05, 0.05]",9131,507,509,0.8100000000000002,0.821,0.898,0.8230000000000001,0.9879999999999999,0.173
178,Random Forest Classifier,active_learning,False,200,False,"[0.1, 0.45, 0.45]",1014,4565,4568,0.745,0.8240000000000001,0.899,0.827,0.985,0.193
179,Random Forest Classifier,active_learning,False,200,False,"[0.5, 0.25, 0.25]",5073,2536,2538,0.774,0.8459999999999999,0.9109999999999999,0.845,0.9869999999999999,0.293
180,Random Forest Classifier,active_learning,False,200,False,"[0.9, 0.05, 0.05]",9131,507,509,0.8110000000000002,0.8550000000000001,0.915,0.853,0.9879999999999999,0.337
181,Random Forest Classifier,active_learning,False,400,True,"[0.1, 0.45, 0.45]",1014,4565,4568,0.731,0.8100000000000002,0.893,0.8089999999999999,0.9970000000000001,0.079
182,Random Forest Classifier,active_learning,False,400,True,"[0.5, 0.25, 0.25]",5073,2536,2538,0.787,0.833,0.9040000000000001,0.8299999999999998,0.994,0.2
183,Random Forest Classifier,active_learning,False,400,True,"[0.9, 0.05, 0.05]",9131,507,509,0.817,0.835,0.905,0.8320000000000001,0.993,0.221
184,Random Forest Classifier,active_learning,False,400,False,"[0.1, 0.45, 0.45]",1014,4565,4568,0.7,0.829,0.901,0.836,0.977,0.24900000000000003
185,Random Forest Classifier,active_learning,False,400,False,"[0.5, 0.25, 0.25]",5073,2536,2538,0.789,0.843,0.909,0.845,0.984,0.291
186,Random Forest Classifier,active_learning,False,400,False,"[0.9, 0.05, 0.05]",9131,507,509,0.821,0.857,0.917,0.852,0.993,0.327
187,Random Forest Classifier,active_learning,False,600,True,"[0.1, 0.45, 0.45]",1014,4565,4568,0.799,0.808,0.891,0.812,0.9879999999999999,0.10400000000000001
188,Random Forest Classifier,active_learning,False,600,True,"[0.5, 0.25, 0.25]",5073,2536,2538,0.778,0.835,0.906,0.8309999999999998,0.9970000000000001,0.203
189,Random Forest Classifier,active_learning,False,600,True,"[0.9, 0.05, 0.05]",9131,507,509,0.829,0.8309999999999998,0.9030000000000001,0.829,0.993,0.202
190,Random Forest Classifier,active_learning,False,600,False,"[0.1, 0.45, 0.45]",1014,4565,4568,0.728,0.827,0.9,0.8379999999999999,0.9719999999999999,0.263
191,Random Forest Classifier,active_learning,False,600,False,"[0.5, 0.25, 0.25]",5073,2536,2538,0.787,0.8469999999999999,0.9109999999999999,0.849,0.982,0.318
192,Random Forest Classifier,active_learning,False,600,False,"[0.9, 0.05, 0.05]",9131,507,509,0.833,0.861,0.9179999999999999,0.86,0.985,0.375
193,Logistic Regression (Ridge),random_sampling,True,0,True,"[0.1, 0.45, 0.45]",412,1854,1858,0.676,0.588,0.637,0.569,0.724,0.45099999999999996
194,Logistic Regression (Ridge),random_sampling,True,0,True,"[0.5, 0.25, 0.25]",2062,1030,1032,0.7,0.724,0.756,0.677,0.857,0.591
195,Logistic Regression (Ridge),random_sampling,True,0,True,"[0.9, 0.05, 0.05]",3710,206,208,0.714,0.731,0.765,0.679,0.875,0.587
196,Logistic Regression (Ridge),random_sampling,True,0,False,"[0.1, 0.45, 0.45]",412,1854,1858,0.721,0.709,0.693,0.733,0.657,0.761
197,Logistic Regression (Ridge),random_sampling,True,0,False,"[0.5, 0.25, 0.25]",2062,1030,1032,0.753,0.776,0.774,0.781,0.767,0.785
198,Logistic Regression (Ridge),random_sampling,True,0,False,"[0.9, 0.05, 0.05]",3710,206,208,0.737,0.812,0.804,0.842,0.769,0.8560000000000001
199,Logistic Regression (Ridge),random_sampling,True,200,True,"[0.1, 0.45, 0.45]",412,1854,1858,0.5631999999999999,0.6628000000000001,0.704,0.627,0.8033999999999999,0.5214000000000001
200,Logistic Regression (Ridge),random_sampling,True,200,True,"[0.5, 0.25, 0.25]",2062,1030,1032,0.701,0.7106,0.7436,0.6679999999999999,0.8385999999999999,0.5828
201,Logistic Regression (Ridge),random_sampling,True,200,True,"[0.9, 0.05, 0.05]",3710,206,208,0.7262,0.7384000000000001,0.7686,0.6890000000000001,0.869,0.6075999999999999
202,Logistic Regression (Ridge),random_sampling,True,200,False,"[0.1, 0.45, 0.45]",412,1854,1858,0.6607999999999998,0.7348,0.7353999999999999,0.7335999999999999,0.7379999999999999,0.7314
203,Logistic Regression (Ridge),random_sampling,True,200,False,"[0.5, 0.25, 0.25]",2062,1030,1032,0.7258,0.7742,0.7716,0.7811999999999999,0.7626000000000002,0.7866
204,Logistic Regression (Ridge),random_sampling,True,200,False,"[0.9, 0.05, 0.05]",3710,206,208,0.7295999999999999,0.8096,0.8064000000000002,0.8208,0.7920000000000001,0.8272
205,Logistic Regression (Ridge),random_sampling,True,400,True,"[0.1, 0.45, 0.45]",412,1854,1858,0.6678000000000001,0.6788000000000001,0.7144,0.6436000000000001,0.8032,0.5546000000000001
206,Logistic Regression (Ridge),random_sampling,True,400,True,"[0.5, 0.25, 0.25]",2062,1030,1032,0.7264000000000002,0.7273999999999999,0.7558,0.6844,0.8438000000000001,0.6106
207,Logistic Regression (Ridge),random_sampling,True,400,True,"[0.9, 0.05, 0.05]",3710,206,208,0.7494,0.7309999999999999,0.7615999999999999,0.6836,0.8596,0.602
208,Logistic Regression (Ridge),random_sampling,True,400,False,"[0.1, 0.45, 0.45]",412,1854,1858,0.6746000000000001,0.7512000000000001,0.7484,0.7576,0.7392,0.7636000000000001
209,Logistic Regression (Ridge),random_sampling,True,400,False,"[0.5, 0.25, 0.25]",2062,1030,1032,0.7694000000000001,0.7687999999999999,0.7654,0.7776000000000001,0.7539999999999999,0.7842
210,Logistic Regression (Ridge),random_sampling,True,400,False,"[0.9, 0.05, 0.05]",3710,206,208,0.7470000000000001,0.8122,0.806,0.8351999999999998,0.7788,0.8460000000000001
211,Logistic Regression (Ridge),random_sampling,True,600,True,"[0.1, 0.45, 0.45]",412,1854,1858,0.6898,0.6874,0.7256,0.6474,0.8248,0.55
212,Logistic Regression (Ridge),random_sampling,True,600,True,"[0.5, 0.25, 0.25]",2062,1030,1032,0.7494,0.7223999999999999,0.7508,0.681,0.8362,0.6081999999999999
213,Logistic Regression (Ridge),random_sampling,True,600,True,"[0.9, 0.05, 0.05]",3710,206,208,0.7762,0.7289999999999999,0.7646000000000001,0.6756,0.8808,0.577
214,Logistic Regression (Ridge),random_sampling,True,600,False,"[0.1, 0.45, 0.45]",412,1854,1858,0.7085999999999999,0.7550000000000001,0.7548000000000001,0.7562,0.7529999999999999,0.7572000000000001
215,Logistic Regression (Ridge),random_sampling,True,600,False,"[0.5, 0.25, 0.25]",2062,1030,1032,0.7432,0.7742000000000001,0.7696,0.7866000000000001,0.7534,0.7952000000000001
216,Logistic Regression (Ridge),random_sampling,True,600,False,"[0.9, 0.05, 0.05]",3710,206,208,0.7718,0.827,0.8203999999999999,0.8528,0.7902000000000001,0.8634000000000001
217,Logistic Regression (Ridge),random_sampling,False,0,True,"[0.1, 0.45, 0.45]",1014,4565,4568,0.808,0.798,0.8859999999999999,0.808,0.9800000000000001,0.085
218,Logistic Regression (Ridge),random_sampling,False,0,True,"[0.5, 0.25, 0.25]",5073,2536,2538,0.8320000000000001,0.835,0.9030000000000001,0.8459999999999999,0.97,0.306
219,Logistic Regression (Ridge),random_sampling,False,0,True,"[0.9, 0.05, 0.05]",9131,507,509,0.843,0.8550000000000001,0.915,0.859,0.978,0.375
220,Logistic Regression (Ridge),random_sampling,False,0,False,"[0.1, 0.45, 0.45]",1014,4565,4568,0.8030000000000002,0.82,0.8939999999999999,0.841,0.9549999999999998,0.293
221,Logistic Regression (Ridge),random_sampling,False,0,False,"[0.5, 0.25, 0.25]",5073,2536,2538,0.8459999999999999,0.835,0.899,0.875,0.925,0.481
222,Logistic Regression (Ridge),random_sampling,False,0,False,"[0.9, 0.05, 0.05]",9131,507,509,0.828,0.8469999999999999,0.907,0.8779999999999999,0.938,0.49000000000000005
223,Logistic Regression (Ridge),random_sampling,False,200,True,"[0.1, 0.45, 0.45]",1014,4565,4568,0.8399999999999999,0.8024000000000001,0.8872,0.8138,0.9753999999999999,0.125
224,Logistic Regression (Ridge),random_sampling,False,200,True,"[0.5, 0.25, 0.25]",5073,2536,2538,0.8141999999999999,0.8318,0.9016,0.8427999999999999,0.9696,0.2912
225,Logistic Regression (Ridge),random_sampling,False,200,True,"[0.9, 0.05, 0.05]",9131,507,509,0.833,0.8498000000000001,0.9108,0.8615999999999999,0.9656,0.39620000000000005
226,Logistic Regression (Ridge),random_sampling,False,200,False,"[0.1, 0.45, 0.45]",1014,4565,4568,0.8158,0.8196,0.8932,0.8455999999999999,0.9464,0.3222
227,Logistic Regression (Ridge),random_sampling,False,200,False,"[0.5, 0.25, 0.25]",5073,2536,2538,0.8208,0.8379999999999999,0.9014,0.8745999999999998,0.9301999999999999,0.47759999999999997
228,Logistic Regression (Ridge),random_sampling,False,200,False,"[0.9, 0.05, 0.05]",9131,507,509,0.8392,0.8382000000000002,0.9004,0.8805999999999999,0.9214,0.5136000000000001
229,Logistic Regression (Ridge),random_sampling,False,400,True,"[0.1, 0.45, 0.45]",1014,4565,4568,0.8099999999999999,0.8082,0.8901999999999999,0.8184000000000001,0.9762000000000001,0.1508
230,Logistic Regression (Ridge),random_sampling,False,400,True,"[0.5, 0.25, 0.25]",5073,2536,2538,0.8182,0.8358000000000001,0.9040000000000001,0.8469999999999999,0.9683999999999999,0.3154
231,Logistic Regression (Ridge),random_sampling,False,400,True,"[0.9, 0.05, 0.05]",9131,507,509,0.835,0.8518000000000001,0.9124000000000001,0.8592000000000001,0.9728,0.379
232,Logistic Regression (Ridge),random_sampling,False,400,False,"[0.1, 0.45, 0.45]",1014,4565,4568,0.8029999999999999,0.8286,0.8986000000000001,0.8501999999999998,0.9527999999999999,0.34199999999999997
233,Logistic Regression (Ridge),random_sampling,False,400,False,"[0.5, 0.25, 0.25]",5073,2536,2538,0.8164,0.8366,0.9006000000000001,0.8745999999999998,0.9282,0.4784
234,Logistic Regression (Ridge),random_sampling,False,400,False,"[0.9, 0.05, 0.05]",9131,507,509,0.8343999999999999,0.8550000000000001,0.9116,0.8827999999999999,0.9422,0.5136000000000001
235,Logistic Regression (Ridge),random_sampling,False,600,True,"[0.1, 0.45, 0.45]",1014,4565,4568,0.8263999999999999,0.8150000000000001,0.8932,0.826,0.9725999999999999,0.19739999999999996
236,Logistic Regression (Ridge),random_sampling,False,600,True,"[0.5, 0.25, 0.25]",5073,2536,2538,0.8215999999999999,0.834,0.9032,0.8448,0.97,0.3014
237,Logistic Regression (Ridge),random_sampling,False,600,True,"[0.9, 0.05, 0.05]",9131,507,509,0.8354000000000001,0.853,0.913,0.8593999999999999,0.9742,0.37879999999999997
238,Logistic Regression (Ridge),random_sampling,False,600,False,"[0.1, 0.45, 0.45]",1014,4565,4568,0.8186,0.8245999999999999,0.8956,0.8507999999999999,0.9456,0.3508
239,Logistic Regression (Ridge),random_sampling,False,600,False,"[0.5, 0.25, 0.25]",5073,2536,2538,0.8193999999999999,0.8356,0.9,0.8732,0.9284000000000001,0.472
240,Logistic Regression (Ridge),random_sampling,False,600,False,"[0.9, 0.05, 0.05]",9131,507,509,0.818,0.8314,0.897,0.8724000000000001,0.923,0.475
241,Logistic Regression (Ridge),active_learning,True,0,True,"[0.1, 0.45, 0.45]",412,1854,1858,0.676,0.588,0.637,0.569,0.724,0.45099999999999996
242,Logistic Regression (Ridge),active_learning,True,0,True,"[0.5, 0.25, 0.25]",2062,1030,1032,0.7,0.724,0.756,0.677,0.857,0.591
243,Logistic Regression (Ridge),active_learning,True,0,True,"[0.9, 0.05, 0.05]",3710,206,208,0.714,0.731,0.765,0.679,0.875,0.587
244,Logistic Regression (Ridge),active_learning,True,0,False,"[0.1, 0.45, 0.45]",412,1854,1858,0.721,0.709,0.693,0.733,0.657,0.761
245,Logistic Regression (Ridge),active_learning,True,0,False,"[0.5, 0.25, 0.25]",2062,1030,1032,0.753,0.776,0.774,0.781,0.767,0.785
246,Logistic Regression (Ridge),active_learning,True,0,False,"[0.9, 0.05, 0.05]",3710,206,208,0.737,0.812,0.804,0.842,0.769,0.8560000000000001
247,Logistic Regression (Ridge),active_learning,True,200,True,"[0.1, 0.45, 0.45]",412,1854,1858,0.561,0.673,0.719,0.63,0.836,0.509
248,Logistic Regression (Ridge),active_learning,True,200,True,"[0.5, 0.25, 0.25]",2062,1030,1032,0.713,0.727,0.756,0.682,0.849,0.605
249,Logistic Regression (Ridge),active_learning,True,200,True,"[0.9, 0.05, 0.05]",3710,206,208,0.715,0.736,0.768,0.684,0.875,0.596
250,Logistic Regression (Ridge),active_learning,True,200,False,"[0.1, 0.45, 0.45]",412,1854,1858,0.586,0.735,0.728,0.746,0.712,0.758
251,Logistic Regression (Ridge),active_learning,True,200,False,"[0.5, 0.25, 0.25]",2062,1030,1032,0.722,0.765,0.767,0.76,0.773,0.756
252,Logistic Regression (Ridge),active_learning,True,200,False,"[0.9, 0.05, 0.05]",3710,206,208,0.725,0.817,0.8139999999999998,0.8299999999999998,0.798,0.837
253,Logistic Regression (Ridge),active_learning,True,400,True,"[0.1, 0.45, 0.45]",412,1854,1858,0.644,0.688,0.726,0.648,0.826,0.551
254,Logistic Regression (Ridge),active_learning,True,400,True,"[0.5, 0.25, 0.25]",2062,1030,1032,0.706,0.728,0.758,0.682,0.8550000000000001,0.601
255,Logistic Regression (Ridge),active_learning,True,400,True,"[0.9, 0.05, 0.05]",3710,206,208,0.751,0.721,0.758,0.669,0.875,0.567
256,Logistic Regression (Ridge),active_learning,True,400,False,"[0.1, 0.45, 0.45]",412,1854,1858,0.638,0.748,0.746,0.751,0.741,0.755
257,Logistic Regression (Ridge),active_learning,True,400,False,"[0.5, 0.25, 0.25]",2062,1030,1032,0.751,0.774,0.77,0.784,0.758,0.791
258,Logistic Regression (Ridge),active_learning,True,400,False,"[0.9, 0.05, 0.05]",3710,206,208,0.744,0.808,0.8,0.833,0.769,0.8459999999999999
259,Logistic Regression (Ridge),active_learning,True,600,True,"[0.1, 0.45, 0.45]",412,1854,1858,0.66,0.687,0.73,0.642,0.8459999999999999,0.527
260,Logistic Regression (Ridge),active_learning,True,600,True,"[0.5, 0.25, 0.25]",2062,1030,1032,0.722,0.737,0.761,0.699,0.835,0.64
261,Logistic Regression (Ridge),active_learning,True,600,True,"[0.9, 0.05, 0.05]",3710,206,208,0.751,0.721,0.758,0.669,0.875,0.567
262,Logistic Regression (Ridge),active_learning,True,600,False,"[0.1, 0.45, 0.45]",412,1854,1858,0.626,0.766,0.767,0.764,0.77,0.762
263,Logistic Regression (Ridge),active_learning,True,600,False,"[0.5, 0.25, 0.25]",2062,1030,1032,0.726,0.762,0.759,0.768,0.75,0.773
264,Logistic Regression (Ridge),active_learning,True,600,False,"[0.9, 0.05, 0.05]",3710,206,208,0.744,0.808,0.8,0.833,0.769,0.8459999999999999
265,Logistic Regression (Ridge),active_learning,False,0,True,"[0.1, 0.45, 0.45]",1014,4565,4568,0.808,0.798,0.8859999999999999,0.808,0.9800000000000001,0.085
266,Logistic Regression (Ridge),active_learning,False,0,True,"[0.5, 0.25, 0.25]",5073,2536,2538,0.8320000000000001,0.835,0.9030000000000001,0.8459999999999999,0.97,0.306
267,Logistic Regression (Ridge),active_learning,False,0,True,"[0.9, 0.05, 0.05]",9131,507,509,0.843,0.8550000000000001,0.915,0.859,0.978,0.375
268,Logistic Regression (Ridge),active_learning,False,0,False,"[0.1, 0.45, 0.45]",1014,4565,4568,0.8030000000000002,0.82,0.8939999999999999,0.841,0.9549999999999998,0.293
269,Logistic Regression (Ridge),active_learning,False,0,False,"[0.5, 0.25, 0.25]",5073,2536,2538,0.8459999999999999,0.835,0.899,0.875,0.925,0.481
270,Logistic Regression (Ridge),active_learning,False,0,False,"[0.9, 0.05, 0.05]",9131,507,509,0.828,0.8469999999999999,0.907,0.8779999999999999,0.938,0.49000000000000005
271,Logistic Regression (Ridge),active_learning,False,200,True,"[0.1, 0.45, 0.45]",1014,4565,4568,0.8110000000000002,0.805,0.889,0.812,0.982,0.11100000000000002
272,Logistic Regression (Ridge),active_learning,False,200,True,"[0.5, 0.25, 0.25]",5073,2536,2538,0.8009999999999999,0.835,0.9030000000000001,0.844,0.9719999999999999,0.297
273,Logistic Regression (Ridge),active_learning,False,200,True,"[0.9, 0.05, 0.05]",9131,507,509,0.829,0.8469999999999999,0.909,0.859,0.9650000000000001,0.385
274,Logistic Regression (Ridge),active_learning,False,200,False,"[0.1, 0.45, 0.45]",1014,4565,4568,0.778,0.8219999999999998,0.8939999999999999,0.8550000000000001,0.9360000000000002,0.379
275,Logistic Regression (Ridge),active_learning,False,200,False,"[0.5, 0.25, 0.25]",5073,2536,2538,0.8110000000000002,0.8390000000000001,0.9019999999999999,0.8779999999999999,0.9269999999999999,0.49399999999999994
276,Logistic Regression (Ridge),active_learning,False,200,False,"[0.9, 0.05, 0.05]",9131,507,509,0.836,0.841,0.9030000000000001,0.8800000000000001,0.9259999999999999,0.51
277,Logistic Regression (Ridge),active_learning,False,400,True,"[0.1, 0.45, 0.45]",1014,4565,4568,0.745,0.8149999999999998,0.8949999999999999,0.821,0.983,0.158
278,Logistic Regression (Ridge),active_learning,False,400,True,"[0.5, 0.25, 0.25]",5073,2536,2538,0.789,0.8390000000000001,0.906,0.8459999999999999,0.975,0.306
279,Logistic Regression (Ridge),active_learning,False,400,True,"[0.9, 0.05, 0.05]",9131,507,509,0.834,0.8469999999999999,0.9099999999999999,0.8560000000000001,0.97,0.365
280,Logistic Regression (Ridge),active_learning,False,400,False,"[0.1, 0.45, 0.45]",1014,4565,4568,0.721,0.835,0.901,0.861,0.945,0.403
281,Logistic Regression (Ridge),active_learning,False,400,False,"[0.5, 0.25, 0.25]",5073,2536,2538,0.798,0.844,0.905,0.8789999999999999,0.931,0.5
282,Logistic Regression (Ridge),active_learning,False,400,False,"[0.9, 0.05, 0.05]",9131,507,509,0.833,0.8550000000000001,0.9120000000000001,0.882,0.943,0.51
283,Logistic Regression (Ridge),active_learning,False,600,True,"[0.1, 0.45, 0.45]",1014,4565,4568,0.786,0.819,0.8960000000000001,0.8240000000000001,0.982,0.177
284,Logistic Regression (Ridge),active_learning,False,600,True,"[0.5, 0.25, 0.25]",5073,2536,2538,0.798,0.8379999999999999,0.906,0.8480000000000001,0.9719999999999999,0.316
285,Logistic Regression (Ridge),active_learning,False,600,True,"[0.9, 0.05, 0.05]",9131,507,509,0.8379999999999999,0.8469999999999999,0.9099999999999999,0.858,0.968,0.375
286,Logistic Regression (Ridge),active_learning,False,600,False,"[0.1, 0.45, 0.45]",1014,4565,4568,0.737,0.835,0.9,0.8710000000000001,0.93,0.462
287,Logistic Regression (Ridge),active_learning,False,600,False,"[0.5, 0.25, 0.25]",5073,2536,2538,0.792,0.842,0.9030000000000001,0.8800000000000001,0.9280000000000002,0.504
288,Logistic Regression (Ridge),active_learning,False,600,False,"[0.9, 0.05, 0.05]",9131,507,509,0.835,0.841,0.9030000000000001,0.8789999999999999,0.9280000000000002,0.5
289,Logistic Regression (Lasso),random_sampling,True,0,True,"[0.1, 0.45, 0.45]",412,1854,1858,0.529,0.609,0.644,0.591,0.707,0.51
290,Logistic Regression (Lasso),random_sampling,True,0,True,"[0.5, 0.25, 0.25]",2062,1030,1032,0.698,0.715,0.743,0.677,0.8240000000000001,0.607
291,Logistic Regression (Lasso),random_sampling,True,0,True,"[0.9, 0.05, 0.05]",3710,206,208,0.712,0.731,0.759,0.688,0.8459999999999999,0.615
292,Logistic Regression (Lasso),random_sampling,True,0,False,"[0.1, 0.45, 0.45]",412,1854,1858,0.735,0.695,0.66,0.745,0.593,0.797
293,Logistic Regression (Lasso),random_sampling,True,0,False,"[0.5, 0.25, 0.25]",2062,1030,1032,0.729,0.762,0.752,0.785,0.721,0.8019999999999999
294,Logistic Regression (Lasso),random_sampling,True,0,False,"[0.9, 0.05, 0.05]",3710,206,208,0.713,0.812,0.798,0.865,0.74,0.885
295,Logistic Regression (Lasso),random_sampling,True,200,True,"[0.1, 0.45, 0.45]",412,1854,1858,0.5730000000000001,0.6658,0.687,0.6458,0.7346,0.5970000000000001
296,Logistic Regression (Lasso),random_sampling,True,200,True,"[0.5, 0.25, 0.25]",2062,1030,1032,0.6884000000000001,0.7054,0.733,0.6704,0.8086,0.602
297,Logistic Regression (Lasso),random_sampling,True,200,True,"[0.9, 0.05, 0.05]",3710,206,208,0.7148,0.7605999999999999,0.7822000000000001,0.7176,0.8596,0.6616
298,Logistic Regression (Lasso),random_sampling,True,200,False,"[0.1, 0.45, 0.45]",412,1854,1858,0.6943999999999999,0.7113999999999999,0.6918,0.7425999999999999,0.6479999999999999,0.7747999999999999
299,Logistic Regression (Lasso),random_sampling,True,200,False,"[0.5, 0.25, 0.25]",2062,1030,1032,0.7148,0.7622,0.7514000000000001,0.7862,0.7194,0.8046000000000001
300,Logistic Regression (Lasso),random_sampling,True,200,False,"[0.9, 0.05, 0.05]",3710,206,208,0.7022,0.7828,0.772,0.8114000000000001,0.7363999999999999,0.829
301,Logistic Regression (Lasso),random_sampling,True,400,True,"[0.1, 0.45, 0.45]",412,1854,1858,0.617,0.6752,0.6912,0.6594,0.7266,0.6237999999999999
302,Logistic Regression (Lasso),random_sampling,True,400,True,"[0.5, 0.25, 0.25]",2062,1030,1032,0.6801999999999999,0.7255999999999999,0.7489999999999999,0.6901999999999999,0.819,0.6322
303,Logistic Regression (Lasso),random_sampling,True,400,True,"[0.9, 0.05, 0.05]",3710,206,208,0.7204,0.7615999999999999,0.7818,0.7209999999999999,0.8540000000000001,0.6692
304,Logistic Regression (Lasso),random_sampling,True,400,False,"[0.1, 0.45, 0.45]",412,1854,1858,0.6701999999999999,0.728,0.7081999999999999,0.7638,0.6606000000000001,0.7956
305,Logistic Regression (Lasso),random_sampling,True,400,False,"[0.5, 0.25, 0.25]",2062,1030,1032,0.7339999999999999,0.7686,0.7592,0.7924,0.7285999999999999,0.8089999999999999
306,Logistic Regression (Lasso),random_sampling,True,400,False,"[0.9, 0.05, 0.05]",3710,206,208,0.7188,0.8002,0.7920000000000001,0.8252,0.7614000000000001,0.8388
307,Logistic Regression (Lasso),random_sampling,True,600,True,"[0.1, 0.45, 0.45]",412,1854,1858,0.6592,0.6888000000000001,0.7138,0.661,0.7764,0.601
308,Logistic Regression (Lasso),random_sampling,True,600,True,"[0.5, 0.25, 0.25]",2062,1030,1032,0.7302,0.7075999999999999,0.7358,0.6714,0.8140000000000001,0.6013999999999999
309,Logistic Regression (Lasso),random_sampling,True,600,True,"[0.9, 0.05, 0.05]",3710,206,208,0.746,0.7107999999999999,0.7442,0.6668,0.8423999999999999,0.579
310,Logistic Regression (Lasso),random_sampling,True,600,False,"[0.1, 0.45, 0.45]",412,1854,1858,0.6544,0.7274,0.7130000000000001,0.7525999999999999,0.6776,0.777
311,Logistic Regression (Lasso),random_sampling,True,600,False,"[0.5, 0.25, 0.25]",2062,1030,1032,0.7156,0.7672000000000001,0.757,0.7912000000000001,0.7262,0.8084
312,Logistic Regression (Lasso),random_sampling,True,600,False,"[0.9, 0.05, 0.05]",3710,206,208,0.7455999999999999,0.8210000000000001,0.8108000000000001,0.8602000000000001,0.7674,0.875
313,Logistic Regression (Lasso),random_sampling,False,0,True,"[0.1, 0.45, 0.45]",1014,4565,4568,0.788,0.777,0.8720000000000001,0.8030000000000002,0.954,0.086
314,Logistic Regression (Lasso),random_sampling,False,0,True,"[0.5, 0.25, 0.25]",5073,2536,2538,0.819,0.826,0.897,0.845,0.9570000000000001,0.312
315,Logistic Regression (Lasso),random_sampling,False,0,True,"[0.9, 0.05, 0.05]",9131,507,509,0.825,0.849,0.9109999999999999,0.86,0.968,0.385
316,Logistic Regression (Lasso),random_sampling,False,0,False,"[0.1, 0.45, 0.45]",1014,4565,4568,0.773,0.8030000000000002,0.884,0.834,0.9399999999999998,0.269
317,Logistic Regression (Lasso),random_sampling,False,0,False,"[0.5, 0.25, 0.25]",5073,2536,2538,0.8089999999999999,0.833,0.898,0.874,0.924,0.477
318,Logistic Regression (Lasso),random_sampling,False,0,False,"[0.9, 0.05, 0.05]",9131,507,509,0.818,0.835,0.899,0.874,0.9259999999999999,0.481
319,Logistic Regression (Lasso),random_sampling,False,200,True,"[0.1, 0.45, 0.45]",1014,4565,4568,0.8146000000000001,0.7996000000000001,0.8846,0.8171999999999999,0.9642,0.155
320,Logistic Regression (Lasso),random_sampling,False,200,True,"[0.5, 0.25, 0.25]",5073,2536,2538,0.806,0.8244,0.8966000000000001,0.8458,0.9538,0.318
321,Logistic Regression (Lasso),random_sampling,False,200,True,"[0.9, 0.05, 0.05]",9131,507,509,0.8134,0.8482,0.9106,0.8572,0.9702,0.3712
322,Logistic Regression (Lasso),random_sampling,False,200,False,"[0.1, 0.45, 0.45]",1014,4565,4568,0.805,0.8046,0.8838000000000001,0.8398,0.9326000000000001,0.3032
323,Logistic Regression (Lasso),random_sampling,False,200,False,"[0.5, 0.25, 0.25]",5073,2536,2538,0.7974,0.8375999999999999,0.901,0.8764,0.9266,0.48860000000000003
324,Logistic Regression (Lasso),random_sampling,False,200,False,"[0.9, 0.05, 0.05]",9131,507,509,0.817,0.8342,0.8986000000000001,0.875,0.9234,0.4864
325,Logistic Regression (Lasso),random_sampling,False,400,True,"[0.1, 0.45, 0.45]",1014,4565,4568,0.7894,0.8004,0.8852,0.8173999999999999,0.9650000000000001,0.1554
326,Logistic Regression (Lasso),random_sampling,False,400,True,"[0.5, 0.25, 0.25]",5073,2536,2538,0.7968,0.8282,0.8986000000000001,0.8478,0.9558,0.327
327,Logistic Regression (Lasso),random_sampling,False,400,True,"[0.9, 0.05, 0.05]",9131,507,509,0.8187999999999999,0.8482,0.9103999999999999,0.8564,0.9718,0.3656
328,Logistic Regression (Lasso),random_sampling,False,400,False,"[0.1, 0.45, 0.45]",1014,4565,4568,0.796,0.8102,0.8869999999999999,0.8432000000000001,0.9359999999999999,0.3176
329,Logistic Regression (Lasso),random_sampling,False,400,False,"[0.5, 0.25, 0.25]",5073,2536,2538,0.8092,0.8396000000000001,0.9028,0.8737999999999999,0.9331999999999999,0.47379999999999994
330,Logistic Regression (Lasso),random_sampling,False,400,False,"[0.9, 0.05, 0.05]",9131,507,509,0.8251999999999999,0.8474,0.9072000000000001,0.8782,0.9380000000000001,0.49420000000000003
331,Logistic Regression (Lasso),random_sampling,False,600,True,"[0.1, 0.45, 0.45]",1014,4565,4568,0.8295999999999999,0.8084000000000001,0.8886,0.8288,0.9571999999999999,0.22479999999999997
332,Logistic Regression (Lasso),random_sampling,False,600,True,"[0.5, 0.25, 0.25]",5073,2536,2538,0.8104000000000001,0.8263999999999999,0.8976000000000001,0.8462,0.9559999999999998,0.3186
333,Logistic Regression (Lasso),random_sampling,False,600,True,"[0.9, 0.05, 0.05]",9131,507,509,0.8238,0.8493999999999999,0.9109999999999999,0.8586,0.9702,0.3768
334,Logistic Regression (Lasso),random_sampling,False,600,False,"[0.1, 0.45, 0.45]",1014,4565,4568,0.805,0.8112,0.8872,0.8472,0.931,0.3416
335,Logistic Regression (Lasso),random_sampling,False,600,False,"[0.5, 0.25, 0.25]",5073,2536,2538,0.8155999999999999,0.8324,0.898,0.8728,0.9244,0.4709999999999999
336,Logistic Regression (Lasso),random_sampling,False,600,False,"[0.9, 0.05, 0.05]",9131,507,509,0.8033999999999999,0.8301999999999999,0.8966,0.8708,0.9234,0.46719999999999995
337,Logistic Regression (Lasso),active_learning,True,0,True,"[0.1, 0.45, 0.45]",412,1854,1858,0.529,0.609,0.644,0.591,0.707,0.51
338,Logistic Regression (Lasso),active_learning,True,0,True,"[0.5, 0.25, 0.25]",2062,1030,1032,0.698,0.715,0.743,0.677,0.8240000000000001,0.607
339,Logistic Regression (Lasso),active_learning,True,0,True,"[0.9, 0.05, 0.05]",3710,206,208,0.712,0.731,0.759,0.688,0.8459999999999999,0.615
340,Logistic Regression (Lasso),active_learning,True,0,False,"[0.1, 0.45, 0.45]",412,1854,1858,0.735,0.695,0.66,0.745,0.593,0.797
341,Logistic Regression (Lasso),active_learning,True,0,False,"[0.5, 0.25, 0.25]",2062,1030,1032,0.729,0.762,0.752,0.785,0.721,0.8019999999999999
342,Logistic Regression (Lasso),active_learning,True,0,False,"[0.9, 0.05, 0.05]",3710,206,208,0.713,0.812,0.798,0.865,0.74,0.885
343,Logistic Regression (Lasso),active_learning,True,200,True,"[0.1, 0.45, 0.45]",412,1854,1858,0.642,0.65,0.659,0.642,0.677,0.623
344,Logistic Regression (Lasso),active_learning,True,200,True,"[0.5, 0.25, 0.25]",2062,1030,1032,0.691,0.71,0.737,0.675,0.812,0.609
345,Logistic Regression (Lasso),active_learning,True,200,True,"[0.9, 0.05, 0.05]",3710,206,208,0.707,0.75,0.772,0.71,0.8459999999999999,0.654
346,Logistic Regression (Lasso),active_learning,True,200,False,"[0.1, 0.45, 0.45]",412,1854,1858,0.676,0.73,0.715,0.756,0.678,0.781
347,Logistic Regression (Lasso),active_learning,True,200,False,"[0.5, 0.25, 0.25]",2062,1030,1032,0.722,0.761,0.75,0.786,0.717,0.804
348,Logistic Regression (Lasso),active_learning,True,200,False,"[0.9, 0.05, 0.05]",3710,206,208,0.696,0.774,0.764,0.8,0.731,0.817
349,Logistic Regression (Lasso),active_learning,True,400,True,"[0.1, 0.45, 0.45]",412,1854,1858,0.68,0.669,0.687,0.652,0.726,0.612
350,Logistic Regression (Lasso),active_learning,True,400,True,"[0.5, 0.25, 0.25]",2062,1030,1032,0.661,0.709,0.736,0.674,0.8100000000000002,0.609
351,Logistic Regression (Lasso),active_learning,True,400,True,"[0.9, 0.05, 0.05]",3710,206,208,0.725,0.75,0.772,0.71,0.8459999999999999,0.654
352,Logistic Regression (Lasso),active_learning,True,400,False,"[0.1, 0.45, 0.45]",412,1854,1858,0.627,0.73,0.723,0.744,0.703,0.758
353,Logistic Regression (Lasso),active_learning,True,400,False,"[0.5, 0.25, 0.25]",2062,1030,1032,0.732,0.767,0.757,0.792,0.725,0.8100000000000002
354,Logistic Regression (Lasso),active_learning,True,400,False,"[0.9, 0.05, 0.05]",3710,206,208,0.727,0.817,0.804,0.867,0.75,0.885
355,Logistic Regression (Lasso),active_learning,True,600,True,"[0.1, 0.45, 0.45]",412,1854,1858,0.63,0.674,0.705,0.644,0.778,0.569
356,Logistic Regression (Lasso),active_learning,True,600,True,"[0.5, 0.25, 0.25]",2062,1030,1032,0.694,0.716,0.745,0.677,0.828,0.605
357,Logistic Regression (Lasso),active_learning,True,600,True,"[0.9, 0.05, 0.05]",3710,206,208,0.725,0.75,0.772,0.71,0.8459999999999999,0.654
358,Logistic Regression (Lasso),active_learning,True,600,False,"[0.1, 0.45, 0.45]",412,1854,1858,0.586,0.738,0.73,0.753,0.708,0.767
359,Logistic Regression (Lasso),active_learning,True,600,False,"[0.5, 0.25, 0.25]",2062,1030,1032,0.692,0.771,0.764,0.789,0.74,0.8019999999999999
360,Logistic Regression (Lasso),active_learning,True,600,False,"[0.9, 0.05, 0.05]",3710,206,208,0.727,0.817,0.804,0.867,0.75,0.885
361,Logistic Regression (Lasso),active_learning,False,0,True,"[0.1, 0.45, 0.45]",1014,4565,4568,0.788,0.777,0.8720000000000001,0.8030000000000002,0.954,0.086
362,Logistic Regression (Lasso),active_learning,False,0,True,"[0.5, 0.25, 0.25]",5073,2536,2538,0.819,0.826,0.897,0.845,0.9570000000000001,0.312
363,Logistic Regression (Lasso),active_learning,False,0,True,"[0.9, 0.05, 0.05]",9131,507,509,0.825,0.849,0.9109999999999999,0.86,0.968,0.385
364,Logistic Regression (Lasso),active_learning,False,0,False,"[0.1, 0.45, 0.45]",1014,4565,4568,0.773,0.8030000000000002,0.884,0.834,0.9399999999999998,0.269
365,Logistic Regression (Lasso),active_learning,False,0,False,"[0.5, 0.25, 0.25]",5073,2536,2538,0.8089999999999999,0.833,0.898,0.874,0.924,0.477
366,Logistic Regression (Lasso),active_learning,False,0,False,"[0.9, 0.05, 0.05]",9131,507,509,0.818,0.835,0.899,0.874,0.9259999999999999,0.481
367,Logistic Regression (Lasso),active_learning,False,200,True,"[0.1, 0.45, 0.45]",1014,4565,4568,0.806,0.8009999999999999,0.8859999999999999,0.812,0.976,0.11200000000000002
368,Logistic Regression (Lasso),active_learning,False,200,True,"[0.5, 0.25, 0.25]",5073,2536,2538,0.798,0.828,0.899,0.8459999999999999,0.958,0.316
369,Logistic Regression (Lasso),active_learning,False,200,True,"[0.9, 0.05, 0.05]",9131,507,509,0.806,0.849,0.9109999999999999,0.857,0.9730000000000001,0.365
370,Logistic Regression (Lasso),active_learning,False,200,False,"[0.1, 0.45, 0.45]",1014,4565,4568,0.766,0.805,0.883,0.849,0.9190000000000002,0.358
371,Logistic Regression (Lasso),active_learning,False,200,False,"[0.5, 0.25, 0.25]",5073,2536,2538,0.786,0.8379999999999999,0.901,0.8779999999999999,0.925,0.49800000000000005
372,Logistic Regression (Lasso),active_learning,False,200,False,"[0.9, 0.05, 0.05]",9131,507,509,0.8110000000000002,0.829,0.8960000000000001,0.8699999999999999,0.923,0.462
373,Logistic Regression (Lasso),active_learning,False,400,True,"[0.1, 0.45, 0.45]",1014,4565,4568,0.774,0.805,0.889,0.813,0.9800000000000001,0.11600000000000002
374,Logistic Regression (Lasso),active_learning,False,400,True,"[0.5, 0.25, 0.25]",5073,2536,2538,0.777,0.827,0.898,0.844,0.961,0.302
375,Logistic Regression (Lasso),active_learning,False,400,True,"[0.9, 0.05, 0.05]",9131,507,509,0.8230000000000001,0.851,0.9120000000000001,0.857,0.975,0.365
376,Logistic Regression (Lasso),active_learning,False,400,False,"[0.1, 0.45, 0.45]",1014,4565,4568,0.739,0.817,0.89,0.852,0.931,0.367
377,Logistic Regression (Lasso),active_learning,False,400,False,"[0.5, 0.25, 0.25]",5073,2536,2538,0.787,0.842,0.9040000000000001,0.8789999999999999,0.93,0.496
378,Logistic Regression (Lasso),active_learning,False,400,False,"[0.9, 0.05, 0.05]",9131,507,509,0.828,0.849,0.908,0.8779999999999999,0.9410000000000001,0.49000000000000005
379,Logistic Regression (Lasso),active_learning,False,600,True,"[0.1, 0.45, 0.45]",1014,4565,4568,0.758,0.805,0.8880000000000001,0.818,0.9730000000000001,0.15
380,Logistic Regression (Lasso),active_learning,False,600,True,"[0.5, 0.25, 0.25]",5073,2536,2538,0.785,0.836,0.9030000000000001,0.851,0.9629999999999999,0.337
381,Logistic Regression (Lasso),active_learning,False,600,True,"[0.9, 0.05, 0.05]",9131,507,509,0.829,0.849,0.9109999999999999,0.8550000000000001,0.975,0.356
382,Logistic Regression (Lasso),active_learning,False,600,False,"[0.1, 0.45, 0.45]",1014,4565,4568,0.687,0.8230000000000001,0.893,0.858,0.932,0.397
383,Logistic Regression (Lasso),active_learning,False,600,False,"[0.5, 0.25, 0.25]",5073,2536,2538,0.786,0.8309999999999998,0.8960000000000001,0.876,0.9179999999999999,0.49000000000000005
384,Logistic Regression (Lasso),active_learning,False,600,False,"[0.9, 0.05, 0.05]",9131,507,509,0.8160000000000001,0.8309999999999998,0.8960000000000001,0.877,0.916,0.5
